{
    "efficiency_ratio": {
        "f_regression": {
            "selected_features": [
                "total_net_generation",
                "category_COGENERATION",
                "category_ENERGY STORAGE",
                "category_SIMPLE CYCLE",
                "category_SOLAR"
            ],
            "all_scores": {
                "maximum_capability": 1.7769241551254458,
                "total_net_generation": 4.7815503230232625,
                "dispatched_contingency_reserve": 1.1882805473884763,
                "category_COGENERATION": 5.663347969543899,
                "category_COMBINED CYCLE": 2.3393762349471414,
                "category_ENERGY STORAGE": 8.74638496433029,
                "category_GAS FIRED STEAM": 2.7838401207151735,
                "category_HYDRO": 1.2306321616097926,
                "category_OTHER": 1.980995235939785,
                "category_SIMPLE CYCLE": 7.895142869860177,
                "category_SOLAR": 6.769998930079868,
                "category_TOTAL": 0.37061014652108026,
                "category_WIND": 0.03981607448197424
            }
        },
        "mutual_info": {
            "selected_features": [
                "total_net_generation",
                "dispatched_contingency_reserve",
                "category_ENERGY STORAGE",
                "category_TOTAL",
                "category_WIND"
            ],
            "all_scores": {
                "maximum_capability": 0.0,
                "total_net_generation": 0.3034829513941266,
                "dispatched_contingency_reserve": 0.4485474116381196,
                "category_COGENERATION": 0.01817733990147663,
                "category_COMBINED CYCLE": 0.01817733990147663,
                "category_ENERGY STORAGE": 0.018177339901477296,
                "category_GAS FIRED STEAM": 0.01817733990147663,
                "category_HYDRO": 0.01817733990147663,
                "category_OTHER": 0.0,
                "category_SIMPLE CYCLE": 0.018177339901476852,
                "category_SOLAR": 0.01817733990147663,
                "category_TOTAL": 0.01817733990147774,
                "category_WIND": 0.09651067323481022
            }
        },
        "rfe": {
            "selected_features": [
                "total_net_generation",
                "category_COGENERATION",
                "category_COMBINED CYCLE",
                "category_OTHER",
                "category_SOLAR"
            ],
            "feature_ranking": {
                "maximum_capability": 7,
                "total_net_generation": 1,
                "dispatched_contingency_reserve": 6,
                "category_COGENERATION": 1,
                "category_COMBINED CYCLE": 1,
                "category_ENERGY STORAGE": 2,
                "category_GAS FIRED STEAM": 4,
                "category_HYDRO": 5,
                "category_OTHER": 1,
                "category_SIMPLE CYCLE": 3,
                "category_SOLAR": 1,
                "category_TOTAL": 9,
                "category_WIND": 8
            }
        },
        "lasso": {
            "selected_features": [
                "total_net_generation",
                "category_COGENERATION",
                "category_COMBINED CYCLE",
                "category_ENERGY STORAGE",
                "category_GAS FIRED STEAM",
                "category_HYDRO",
                "category_OTHER",
                "category_SIMPLE CYCLE",
                "category_SOLAR"
            ],
            "coefficients": {
                "maximum_capability": 0.0,
                "total_net_generation": 0.036590601384741205,
                "dispatched_contingency_reserve": -0.0,
                "category_COGENERATION": 0.08855761284067497,
                "category_COMBINED CYCLE": 0.06309874313138396,
                "category_ENERGY STORAGE": -0.09615287181540241,
                "category_GAS FIRED STEAM": -0.05238538561770173,
                "category_HYDRO": -0.02837961912546062,
                "category_OTHER": 0.06531483388950715,
                "category_SIMPLE CYCLE": -0.09163310843410323,
                "category_SOLAR": 0.10627336915751179,
                "category_TOTAL": 0.0,
                "category_WIND": -0.0
            }
        },
        "random_forest": {
            "importances": {
                "maximum_capability": 0.04022043839273734,
                "total_net_generation": 0.37942264823957245,
                "dispatched_contingency_reserve": 0.42184419940115164,
                "category_COGENERATION": 0.005076779856000151,
                "category_COMBINED CYCLE": 0.0038969831618178826,
                "category_ENERGY STORAGE": 0.0006069247382315579,
                "category_GAS FIRED STEAM": 0.026954340746344257,
                "category_HYDRO": 0.004011664809551801,
                "category_OTHER": 0.01095607441362047,
                "category_SIMPLE CYCLE": 0.00106714477083866,
                "category_SOLAR": 0.004221846462078401,
                "category_TOTAL": 0.022943706314422073,
                "category_WIND": 0.07877724869363328
            },
            "selected_features": [
                "category_GAS FIRED STEAM",
                "maximum_capability",
                "category_WIND",
                "total_net_generation",
                "dispatched_contingency_reserve"
            ]
        },
        "permutation": {
            "importances": {
                "maximum_capability": 0.00921954580939549,
                "total_net_generation": 0.49299503253692184,
                "dispatched_contingency_reserve": 0.6063920520834574,
                "category_COGENERATION": 0.002251237567771969,
                "category_COMBINED CYCLE": 0.0036878154899301573,
                "category_ENERGY STORAGE": 0.00012375830201953874,
                "category_GAS FIRED STEAM": 0.0316046455497342,
                "category_HYDRO": 0.0008414520944970861,
                "category_OTHER": 0.0014164582684149996,
                "category_SIMPLE CYCLE": -8.346820792970443e-06,
                "category_SOLAR": 0.0032351227316178453,
                "category_TOTAL": 0.0033314809326676076,
                "category_WIND": 0.14360841678427844
            },
            "selected_features": [
                "maximum_capability",
                "category_GAS FIRED STEAM",
                "category_WIND",
                "total_net_generation",
                "dispatched_contingency_reserve"
            ]
        },
        "pca": {
            "n_components": 9,
            "explained_variance": [
                0.2928903543600405,
                0.10753149192041693,
                0.08675764089902974,
                0.08547008547008558,
                0.08547008547008549,
                0.08547008547008549,
                0.08547008547008544,
                0.08547008547008544,
                0.0854700854700854
            ],
            "cumulative_variance": [
                0.2928903543600405,
                0.40042184628045746,
                0.4871794871794872,
                0.5726495726495728,
                0.6581196581196583,
                0.7435897435897438,
                0.8290598290598292,
                0.9145299145299146,
                1.0
            ]
        }
    },
    "optimization_potential": {
        "f_regression": {
            "selected_features": [
                "maximum_capability",
                "total_net_generation",
                "dispatched_contingency_reserve",
                "category_OTHER",
                "category_TOTAL"
            ],
            "all_scores": {
                "maximum_capability": 680.6786211725158,
                "total_net_generation": 153.49620560085512,
                "dispatched_contingency_reserve": 60.30309785574281,
                "category_COGENERATION": 0.13855427248548294,
                "category_COMBINED CYCLE": 0.21467656741478336,